{"cameraMode":{"drawMode":0,"name":"Shaded","section":"Shading Mode"},"sceneLighting":false,"audioPlay":false,"sceneViewState":{"showFog":false,"showMaterialUpdate":false,"showSkybox":false,"showFlares":false,"showImageEffects":false,"showParticleSystems":false},"in2DMode":false,"pivot":{"x":0.0699634701013565,"y":-0.9624686241149902,"z":-0.30016976594924929},"rotation":{"x":0.035821277648210528,"y":-0.09728267788887024,"z":0.0035036064218729736,"w":0.994607150554657},"size":1.8897517919540406,"orthographic":true}